{
  "WebSocket request-response Sampler" : {
    "transaction" : "WebSocket request-response Sampler",
    "sampleCount" : 5000,
    "errorCount" : 4865,
    "errorPct" : 97.3,
    "meanResTime" : 601.4153999999983,
    "medianResTime" : 0.0,
    "minResTime" : 0.0,
    "maxResTime" : 6016.0,
    "pct1ResTime" : 605.7000000000016,
    "pct2ResTime" : 6006.0,
    "pct3ResTime" : 6014.0,
    "throughput" : 2.816812075258451E-6,
    "receivedKBytesPerSec" : 4.604827552717429E-9,
    "sentKBytesPerSec" : 1.0298969150163712E-8
  },
  "Total" : {
    "transaction" : "Total",
    "sampleCount" : 6000,
    "errorCount" : 5373,
    "errorPct" : 89.55,
    "meanResTime" : 560.2153333333349,
    "medianResTime" : 0.0,
    "minResTime" : 0.0,
    "maxResTime" : 20016.0,
    "pct1ResTime" : 585.0,
    "pct2ResTime" : 6004.0,
    "pct3ResTime" : 6014.0,
    "throughput" : 3.3801744903101414E-6,
    "receivedKBytesPerSec" : 1.329062163118723E-7,
    "sentKBytesPerSec" : 9.664526242900422E-8
  },
  "WebSocket Open Connection" : {
    "transaction" : "WebSocket Open Connection",
    "sampleCount" : 500,
    "errorCount" : 8,
    "errorPct" : 1.6,
    "meanResTime" : 708.3859999999997,
    "medianResTime" : 212.0,
    "minResTime" : 99.0,
    "maxResTime" : 20016.0,
    "pct1ResTime" : 1195.9,
    "pct2ResTime" : 1766.3999999999992,
    "pct3ResTime" : 20001.0,
    "throughput" : 7.4443534579021815,
    "receivedKBytesPerSec" : 3.3907866820516634,
    "sentKBytesPerSec" : 2.2819851299039677
  },
  "WebSocket Close" : {
    "transaction" : "WebSocket Close",
    "sampleCount" : 500,
    "errorCount" : 500,
    "errorPct" : 100.0,
    "meanResTime" : 0.04400000000000002,
    "medianResTime" : 0.0,
    "minResTime" : 0.0,
    "maxResTime" : 2.0,
    "pct1ResTime" : 0.0,
    "pct2ResTime" : 0.0,
    "pct3ResTime" : 1.0,
    "throughput" : 2.816812075258451E-7,
    "receivedKBytesPerSec" : 0.0,
    "sentKBytesPerSec" : 0.0
  }
}