{
  "WebSocket request-response Sampler" : {
    "transaction" : "WebSocket request-response Sampler",
    "sampleCount" : 12591,
    "errorCount" : 4545,
    "errorPct" : 36.097214,
    "meanResTime" : 499.90207290921995,
    "medianResTime" : 25.0,
    "minResTime" : 0.0,
    "maxResTime" : 6003.0,
    "pct1ResTime" : 48.0,
    "pct2ResTime" : 6000.0,
    "pct3ResTime" : 6001.0,
    "throughput" : 7.0933061060857835E-6,
    "receivedKBytesPerSec" : 2.744481066610936E-7,
    "sentKBytesPerSec" : 1.3172686081301123E-7
  },
  "Total" : {
    "transaction" : "Total",
    "sampleCount" : 15091,
    "errorCount" : 5081,
    "errorPct" : 33.669075,
    "meanResTime" : 490.80769995361663,
    "medianResTime" : 26.0,
    "minResTime" : 0.0,
    "maxResTime" : 20001.0,
    "pct1ResTime" : 65.0,
    "pct2ResTime" : 6000.0,
    "pct3ResTime" : 6001.0,
    "throughput" : 8.501714116983605E-6,
    "receivedKBytesPerSec" : 6.717660582885406E-7,
    "sentKBytesPerSec" : 4.050939042938649E-7
  },
  "WebSocket Open Connection" : {
    "transaction" : "WebSocket Open Connection",
    "sampleCount" : 1500,
    "errorCount" : 3,
    "errorPct" : 0.2,
    "meanResTime" : 105.49266666666662,
    "medianResTime" : 57.0,
    "minResTime" : 53.0,
    "maxResTime" : 20001.0,
    "pct1ResTime" : 65.0,
    "pct2ResTime" : 73.95000000000005,
    "pct3ResTime" : 310.97,
    "throughput" : 3.956603967682459,
    "receivedKBytesPerSec" : 1.8278119337110572,
    "sentKBytesPerSec" : 1.2301097191009014
  },
  "WebSocket Close" : {
    "transaction" : "WebSocket Close",
    "sampleCount" : 1000,
    "errorCount" : 533,
    "errorPct" : 53.3,
    "meanResTime" : 954.2729999999981,
    "medianResTime" : 25.0,
    "minResTime" : 0.0,
    "maxResTime" : 6003.0,
    "pct1ResTime" : 6000.0,
    "pct2ResTime" : 6001.0,
    "pct3ResTime" : 6002.0,
    "throughput" : 5.633632205384295E-7,
    "receivedKBytesPerSec" : 6.936959812274471E-9,
    "sentKBytesPerSec" : 1.0642283337983771E-8
  }
}